Workbook

Sheet Punonjësit
A1: Emri i plotë | B1: Nr. personal / NIPT | C1: Pozicioni | D1: IBAN | E1: Aktiv
E2: Po
E3: Po
E4: Po
E5: Po
E6: Po
E7: Po
E8: Po
E9: Po
E10: Po
E11: Po
E12: Po
E13: Po
... E101: Po

Sheet Parametrat
A1: Parametri | B1: Vlera | C1: Shënim
A2: SS punonjës % | B2: 9.5 | C2: Kontribut pensioni
A3: SH punonjës % | B3: 1.7 | C3: Kontribut shëndetësor
A4: SS punëdhënës % | B4: 15 | C4: Kontribut pensioni
A5: SH punëdhënës % | B5: 1.7 | C5: Kontribut shëndetësor
A6: Tavan kontributesh | B6: 186416 | C6: Ndrysho sipas vitit
A7: Pragu i parë TAP | B7: 40000
A8: Pragu i dytë TAP | B8: 50000
A9: Norma TAP pragu 1 % | B9: 13
A10: Norma TAP pragu 2 % | B10: 23

Sheet Lista e Pagave
A1: Emri | B1: Nr. personal | C1: Pozicioni | D1: Ditë | E1: Paga bazë | F1: Shtesa | G1: Orë shtesë | H1: Çmim/orë | I1: Shpërblim | J1: Bruto | K1: SS punonjës | L1: SH punonjës | M1: Paga tatueshme | N1: TAP | O1: Neto | P1: SS punëdhënës | Q1: SH punëdhënës | R1: Kosto totale
A2: ==IF('Punonjësit'!A2="","",'Punonjësit'!A2) | B2: ==IF(A2="","",'Punonjësit'!B2) | C2: ==IF(A2="","",'Punonjësit'!C2) | D2: ='Orari 31 Ditë'!AH2 | E2: 0 | F2: 0 | G2: 0 | H2: 0 | I2: 0 | J2: ==IF(A2="",0,E2+F2+G2*H2+I2) | K2: ==MIN(J2,Parametrat!$B$6)*Parametrat!$B$2/100 | L2: ==J2*Parametrat!$B$3/100 | M2: ==MAX(0,J2-K2-L2) | N2: ==IF(M2<=Parametrat!$B$7,0,IF(M2<=Parametrat!$B$8,(M2-Parametrat!$B$7)*Parametrat!$B$9/100,(Parametrat!$B$8-Parametrat!$B$7)*Parametrat!$B$9/100+(M2-Parametrat!$B$8)*Parametrat!$B$10/100)) | O2: ==J2-K2-L2-N2 | P2: ==MIN(J2,Parametrat!$B$6)*Parametrat!$B$4/100 | Q2: ==J2*Parametrat!$B$5/100 | R2: ==J2+P2+Q2
A3: ==IF('Punonjësit'!A3="","",'Punonjësit'!A3) | B3: ==IF(A3="","",'Punonjësit'!B3) | C3: ==IF(A3="","",'Punonjësit'!C3) | D3: ='Orari 31 Ditë'!AH3 | E3: 0 | F3: 0 | G3: 0 | H3: 0 | I3: 0 | J3: ==IF(A3="",0,E3+F3+G3*H3+I3) | K3: ==MIN(J3,Parametrat!$B$6)*Parametrat!$B$2/100 | L3: ==J3*Parametrat!$B$3/100 | M3: ==MAX(0,J3-K3-L3) | N3: ==IF(M3<=Parametrat!$B$7,0,IF(M3<=Parametrat!$B$8,(M3-Parametrat!$B$7)*Parametrat!$B$9/100,(Parametrat!$B$8-Parametrat!$B$7)*Parametrat!$B$9/100+(M3-Parametrat!$B$8)*Parametrat!$B$10/100)) | O3: ==J3-K3-L3-N3 | P3: ==MIN(J3,Parametrat!$B$6)*Parametrat!$B$4/100 | Q3: ==J3*Parametrat!$B$5/100 | R3: ==J3+P3+Q3
A4: ==IF('Punonjësit'!A4="","",'Punonjësit'!A4) | B4: ==IF(A4="","",'Punonjësit'!B4) | C4: ==IF(A4="","",'Punonjësit'!C4) | D4: ='Orari 31 Ditë'!AH4 | E4: 0 | F4: 0 | G4: 0 | H4: 0 | I4: 0 | J4: ==IF(A4="",0,E4+F4+G4*H4+I4) | K4: ==MIN(J4,Parametrat!$B$6)*Parametrat!$B$2/100 | L4: ==J4*Parametrat!$B$3/100 | M4: ==MAX(0,J4-K4-L4) | N4: ==IF(M4<=Parametrat!$B$7,0,IF(M4<=Parametrat!$B$8,(M4-Parametrat!$B$7)*Parametrat!$B$9/100,(Parametrat!$B$8-Parametrat!$B$7)*Parametrat!$B$9/100+(M4-Parametrat!$B$8)*Parametrat!$B$10/100)) | O4: ==J4-K4-L4-N4 | P4: ==MIN(J4,Parametrat!$B$6)*Parametrat!$B$4/100 | Q4: ==J4*Parametrat!$B$5/100 | R4: ==J4+P4+Q4
A5: ==IF('Punonjësit'!A5="","",'Punonjësit'!A5) | B5: ==IF(A5="","",'Punonjësit'!B5) | C5: ==IF(A5="","",'Punonjësit'!C5) | D5: ='Orari 31 Ditë'!AH5 | E5: 0 | F5: 0 | G5: 0 | H5: 0 | I5: 0 | J5: ==IF(A5="",0,E5+F5+G5*H5+I5) | K5: ==MIN(J5,Parametrat!$B$6)*Parametrat!$B$2/100 | L5: ==J5*Parametrat!$B$3/100 | M5: ==MAX(0,J5-K5-L5) | N5: ==IF(M5<=Parametrat!$B$7,0,IF(M5<=Parametrat!$B$8,(M5-Parametrat!$B$7)*Parametrat!$B$9/100,(Parametrat!$B$8-Parametrat!$B$7)*Parametrat!$B$9/100+(M5-Parametrat!$B$8)*Parametrat!$B$10/100)) | O5: ==J5-K5-L5-N5 | P5: ==MIN(J5,Parametrat!$B$6)*Parametrat!$B$4/100 | Q5: ==J5*Parametrat!$B$5/100 | R5: ==J5+P5+Q5
A6: ==IF('Punonjësit'!A6="","",'Punonjësit'!A6) | B6: ==IF(A6="","",'Punonjësit'!B6) | C6: ==IF(A6="","",'Punonjësit'!C6) | D6: ='Orari 31 Ditë'!AH6 | E6: 0 | F6: 0 | G6: 0 | H6: 0 | I6: 0 | J6: ==IF(A6="",0,E6+F6+G6*H6+I6) | K6: ==MIN(J6,Parametrat!$B$6)*Parametrat!$B$2/100 | L6: ==J6*Parametrat!$B$3/100 | M6: ==MAX(0,J6-K6-L6) | N6: ==IF(M6<=Parametrat!$B$7,0,IF(M6<=Parametrat!$B$8,(M6-Parametrat!$B$7)*Parametrat!$B$9/100,(Parametrat!$B$8-Parametrat!$B$7)*Parametrat!$B$9/100+(M6-Parametrat!$B$8)*Parametrat!$B$10/100)) | O6: ==J6-K6-L6-N6 | P6: ==MIN(J6,Parametrat!$B$6)*Parametrat!$B$4/100 | Q6: ==J6*Parametrat!$B$5/100 | R6: ==J6+P6+Q6
A7: ==IF('Punonjësit'!A7="","",'Punonjësit'!A7) | B7: ==IF(A7="","",'Punonjësit'!B7) | C7: ==IF(A7="","",'Punonjësit'!C7) | D7: ='Orari 31 Ditë'!AH7 | E7: 0 | F7: 0 | G7: 0 | H7: 0 | I7: 0 | J7: ==IF(A7="",0,E7+F7+G7*H7+I7) | K7: ==MIN(J7,Parametrat!$B$6)*Parametrat!$B$2/100 | L7: ==J7*Parametrat!$B$3/100 | M7: ==MAX(0,J7-K7-L7) | N7: ==IF(M7<=Parametrat!$B$7,0,IF(M7<=Parametrat!$B$8,(M7-Parametrat!$B$7)*Parametrat!$B$9/100,(Parametrat!$B$8-Parametrat!$B$7)*Parametrat!$B$9/100+(M7-Parametrat!$B$8)*Parametrat!$B$10/100)) | O7: ==J7-K7-L7-N7 | P7: ==MIN(J7,Parametrat!$B$6)*Parametrat!$B$4/100 | Q7: ==J7*Parametrat!$B$5/100 | R7: ==J7+P7+Q7
A8: ==IF('Punonjësit'!A8="","",'Punonjësit'!A8) | B8: ==IF(A8="","",'Punonjësit'!B8) | C8: ==IF(A8="","",'Punonjësit'!C8) | D8: ='Orari 31 Ditë'!AH8 | E8: 0 | F8: 0 | G8: 0 | H8: 0 | I8: 0 | J8: ==IF(A8="",0,E8+F8+G8*H8+I8) | K8: ==MIN(J8,Parametrat!$B$6)*Parametrat!$B$2/100 | L8: ==J8*Parametrat!$B$3/100 | M8: ==MAX(0,J8-K8-L8) | N8: ==IF(M8<=Parametrat!$B$7,0,IF(M8<=Parametrat!$B$8,(M8-Parametrat!$B$7)*Parametrat!$B$9/100,(Parametrat!$B$8-Parametrat!$B$7)*Parametrat!$B$9/100+(M8-Parametrat!$B$8)*Parametrat!$B$10/100)) | O8: ==J8-K8-L8-N8 | P8: ==MIN(J8,Parametrat!$B$6)*Parametrat!$B$4/100 | Q8: ==J8*Parametrat!$B$5/100 | R8: ==J8+P8+Q8
A9: ==IF('Punonjësit'!A9="","",'Punonjësit'!A9) | B9: ==IF(A9="","",'Punonjësit'!B9) | C9: ==IF(A9="","",'Punonjësit'!C9) | D9: ='Orari 31 Ditë'!AH9 | E9: 0 | F9: 0 | G9: 0 | H9: 0 | I9: 0 | J9: ==IF(A9="",0,E9+F9+G9*H9+I9) | K9: ==MIN(J9,Parametrat!$B$6)*Parametrat!$B$2/100 | L9: ==J9*Parametrat!$B$3/100 | M9: ==MAX(0,J9-K9-L9) | N9: ==IF(M9<=Parametrat!$B$7,0,IF(M9<=Parametrat!$B$8,(M9-Parametrat!$B$7)*Parametrat!$B$9/100,(Parametrat!$B$8-Parametrat!$B$7)*Parametrat!$B$9/100+(M9-Parametrat!$B$8)*Parametrat!$B$10/100)) | O9: ==J9-K9-L9-N9 | P9: ==MIN(J9,Parametrat!$B$6)*Parametrat!$B$4/100 | Q9: ==J9*Parametrat!$B$5/100 | R9: ==J9+P9+Q9
A10: ==IF('Punonjësit'!A10="","",'Punonjësit'!A10) | B10: ==IF(A10="","",'Punonjësit'!B10) | C10: ==IF(A10="","",'Punonjësit'!C10) | D10: ='Orari 31 Ditë'!AH10 | E10: 0 | F10: 0 | G10: 0 | H10: 0 | I10: 0 | J10: ==IF(A10="",0,E10+F10+G10*H10+I10) | K10: ==MIN(J10,Parametrat!$B$6)*Parametrat!$B$2/100 | L10: ==J10*Parametrat!$B$3/100 | M10: ==MAX(0,J10-K10-L10) | N10: ==IF(M10<=Parametrat!$B$7,0,IF(M10<=Parametrat!$B$8,(M10-Parametrat!$B$7)*Parametrat!$B$9/100,(Parametrat!$B$8-Parametrat!$B$7)*Parametrat!$B$9/100+(M10-Parametrat!$B$8)*Parametrat!$B$10/100)) | O10: ==J10-K10-L10-N10 | P10: ==MIN(J10,Parametrat!$B$6)*Parametrat!$B$4/100 | Q10: ==J10*Parametrat!$B$5/100 | R10: ==J10+P10+Q10
A11: ==IF('Punonjësit'!A11="","",'Punonjësit'!A11) | B11: ==IF(A11="","",'Punonjësit'!B11) | C11: ==IF(A11="","",'Punonjësit'!C11) | D11: ='Orari 31 Ditë'!AH11 | E11: 0 | F11: 0 | G11: 0 | H11: 0 | I11: 0 | J11: ==IF(A11="",0,E11+F11+G11*H11+I11) | K11: ==MIN(J11,Parametrat!$B$6)*Parametrat!$B$2/100 | L11: ==J11*Parametrat!$B$3/100 | M11: ==MAX(0,J11-K11-L11) | N11: ==IF(M11<=Parametrat!$B$7,0,IF(M11<=Parametrat!$B$8,(M11-Parametrat!$B$7)*Parametrat!$B$9/100,(Parametrat!$B$8-Parametrat!$B$7)*Parametrat!$B$9/100+(M11-Parametrat!$B$8)*Parametrat!$B$10/100)) | O11: ==J11-K11-L11-N11 | P11: ==MIN(J11,Parametrat!$B$6)*Parametrat!$B$4/100 | Q11: ==J11*Parametrat!$B$5/100 | R11: ==J11+P11+Q11
A12: ==IF('Punonjësit'!A12="","",'Punonjësit'!A12) | B12: ==IF(A12="","",'Punonjësit'!B12) | C12: ==IF(A12="","",'Punonjësit'!C12) | D12: ='Orari 31 Ditë'!AH12 | E12: 0 | F12: 0 | G12: 0 | H12: 0 | I12: 0 | J12: ==IF(A12="",0,E12+F12+G12*H12+I12) | K12: ==MIN(J12,Parametrat!$B$6)*Parametrat!$B$2/100 | L12: ==J12*Parametrat!$B$3/100 | M12: ==MAX(0,J12-K12-L12) | N12: ==IF(M12<=Parametrat!$B$7,0,IF(M12<=Parametrat!$B$8,(M12-Parametrat!$B$7)*Parametrat!$B$9/100,(Parametrat!$B$8-Parametrat!$B$7)*Parametrat!$B$9/100+(M12-Parametrat!$B$8)*Parametrat!$B$10/100)) | O12: ==J12-K12-L12-N12 | P12: ==MIN(J12,Parametrat!$B$6)*Parametrat!$B$4/100 | Q12: ==J12*Parametrat!$B$5/100 | R12: ==J12+P12+Q12
A13: ==IF('Punonjësit'!A13="","",'Punonjësit'!A13) | B13: ==IF(A13="","",'Punonjësit'!B13) | C13: ==IF(A13="","",'Punonjësit'!C13) | D13: ='Orari 31 Ditë'!AH13 | E13: 0 | F13: 0 | G13: 0 | H13: 0 | I13: 0 | J13: ==IF(A13="",0,E13+F13+G13*H13+I13) | K13: ==MIN(J13,Parametrat!$B$6)*Parametrat!$B$2/100 | L13: ==J13*Parametrat!$B$3/100 | M13: ==MAX(0,J13-K13-L13) | N13: ==IF(M13<=Parametrat!$B$7,0,IF(M13<=Parametrat!$B$8,(M13-Parametrat!$B$7)*Parametrat!$B$9/100,(Parametrat!$B$8-Parametrat!$B$7)*Parametrat!$B$9/100+(M13-Parametrat!$B$8)*Parametrat!$B$10/100)) | O13: ==J13-K13-L13-N13 | P13: ==MIN(J13,Parametrat!$B$6)*Parametrat!$B$4/100 | Q13: ==J13*Parametrat!$B$5/100 | R13: ==J13+P13+Q13
... A101: ==IF('Punonjësit'!A101="","",'Punonjësit'!A101) | B101: ==IF(A101="","",'Punonjësit'!B101) | C101: ==IF(A101="","",'Punonjësit'!C101) | D101: ='Orari 31 Ditë'!AH101 | E101: 0 | F101: 0 | G101: 0 | H101: 0 | I101: 0 | J101: ==IF(A101="",0,E101+F101+G101*H101+I101) | K101: ==MIN(J101,Parametrat!$B$6)*Parametrat!$B$2/100 | L101: ==J101*Parametrat!$B$3/100 | M101: ==MAX(0,J101-K101-L101) | N101: ==IF(M101<=Parametrat!$B$7,0,IF(M101<=Parametrat!$B$8,(M101-Parametrat!$B$7)*Parametrat!$B$9/100,(Parametrat!$B$8-Parametrat!$B$7)*Parametrat!$B$9/100+(M101-Parametrat!$B$8)*Parametrat!$B$10/100)) | O101: ==J101-K101-L101-N101 | P101: ==MIN(J101,Parametrat!$B$6)*Parametrat!$B$4/100 | Q101: ==J101*Parametrat!$B$5/100 | R101: ==J101+P101+Q101

Sheet Udhëzime
A1: Udhëzime
A2: SISTEMI GENIT — LISTA E PAGAVE
A3: Si përdoret:
A4: 1. Te fleta Punonjësit plotëso emrin, numrin personal, pozicionin dhe IBAN-in.
A5: 2. Te fleta Lista e Pagave vendos pagën bazë, shtesat, orët shtesë dhe shpërblimet.
A6: 3. Llogaritjet Bruto, kontributet, TAP, Neto dhe Kosto totale plotësohen automatikisht.
A7: 4. Te fleta Parametrat ndrysho normat dhe kufijtë sipas legjislacionit në fuqi.
A8: 5. Para deklarimit zyrtar, kontrollo normat me kontabilistin.
A10: Fletët: Punonjësit | Lista e Pagave | Parametrat

Sheet Orari 31 Ditë
A1: Emri i plotë | B1: 1 | C1: 2 | D1: 3 | E1: 4 | F1: 5 | G1: 6 | H1: 7 | I1: 8 | J1: 9 | K1: 10 | L1: 11 | M1: 12 | N1: 13 | O1: 14 | P1: 15 | Q1: 16 | R1: 17 | S1: 18 | T1: 19 | U1: 20 | V1: 21 | W1: 22 | X1: 23 | Y1: 24 | Z1: 25
A2: =IF('Punonjësit'!A2="","",'Punonjësit'!A2) | AG2: =SUM(B2:AF2) | AH2: =AG2/8
A3: =IF('Punonjësit'!A3="","",'Punonjësit'!A3) | AG3: =SUM(B3:AF3) | AH3: =AG3/8
A4: =IF('Punonjësit'!A4="","",'Punonjësit'!A4) | AG4: =SUM(B4:AF4) | AH4: =AG4/8
A5: =IF('Punonjësit'!A5="","",'Punonjësit'!A5) | AG5: =SUM(B5:AF5) | AH5: =AG5/8
A6: =IF('Punonjësit'!A6="","",'Punonjësit'!A6) | AG6: =SUM(B6:AF6) | AH6: =AG6/8
A7: =IF('Punonjësit'!A7="","",'Punonjësit'!A7) | AG7: =SUM(B7:AF7) | AH7: =AG7/8
A8: =IF('Punonjësit'!A8="","",'Punonjësit'!A8) | AG8: =SUM(B8:AF8) | AH8: =AG8/8
A9: =IF('Punonjësit'!A9="","",'Punonjësit'!A9) | AG9: =SUM(B9:AF9) | AH9: =AG9/8
A10: =IF('Punonjësit'!A10="","",'Punonjësit'!A10) | AG10: =SUM(B10:AF10) | AH10: =AG10/8
A11: =IF('Punonjësit'!A11="","",'Punonjësit'!A11) | AG11: =SUM(B11:AF11) | AH11: =AG11/8
A12: =IF('Punonjësit'!A12="","",'Punonjësit'!A12) | AG12: =SUM(B12:AF12) | AH12: =AG12/8
A13: =IF('Punonjësit'!A13="","",'Punonjësit'!A13) | AG13: =SUM(B13:AF13) | AH13: =AG13/8
... A101: =IF('Punonjësit'!A101="","",'Punonjësit'!A101) | AG101: =SUM(B101:AF101) | AH101: =AG101/8

Sheet Kalkulatori
A1: KALKULATORI I PAGËS — ALL IN ONE
A3: Të dhënat hyrëse | B3: Vlera
A4: Paga bazë bruto | B4: 100000
A5: Shtesa | B5: 0
A6: Orë shtesë | B6: 0
A7: Çmimi/orë shtesë | B7: 0
A8: Shpërblim | B8: 0
A10: Paga bruto | B10: ==B4+B5+B6*B7+B8
A11: SS punonjës | B11: ==MIN(B10,Parametrat!$B$6)*Parametrat!$B$2/100
A12: SH punonjës | B12: ==B10*Parametrat!$B$3/100
A13: Paga e tatueshme | B13: ==MAX(0,B10-B11-B12)
A14: TAP | B14: ==IF(B13<=Parametrat!$B$7,0,IF(B13<=Parametrat!$B$8,(B13-Parametrat!$B$7)*Parametrat!$B$9/100,(Parametrat!$B$8-Parametrat!$B$7)*Parametrat!$B$9/100+(B13-Parametrat!$B$8)*Parametrat!$B$10/100))
A15: Paga neto | B15: ==B10-B11-B12-B14
A16: SS punëdhënës | B16: ==MIN(B10,Parametrat!$B$6)*Parametrat!$B$4/100
A17: SH punëdhënës | B17: ==B10*Parametrat!$B$5/100
A18: Kosto totale punëdhënësi | B18: ==B10+B16+B17
A21: Shënim: ndrysho normat te Parametrat. Përdor Kalkulatorin për të kontrolluar bruto-në-neto para transferimit në listë.
